{
  "ext/approveCustomActions.js.map": 1678769370593,
  "Component.js": 1677727822045,
  "ext/approveCustomActions.js": 1678726217254,
  "ext/NumberToUnformattedString.js": 1678726217246,
  "manifest.json": 1678769370315,
  "ext/rejectCustomActions.js": 1678726217258,
  "Component-dbg.js": 1677727822045,
  "Component.js.map": 1678769370585,
  "ext/approveCustomActions-dbg.js": 1678726217254,
  "i18n/i18n.properties": 1678722999968,
  "ext/NumberToUnformattedString-dbg.js": 1678726217246,
  "ext/NumberToUnformattedString.js.map": 1678769370603,
  "ext/rejectCustomActions-dbg.js": 1678726217258,
  "ext/rejectCustomActions.js.map": 1678769370589,
  "Component-preload.js": 1678769370912,
  "Component-preload.js.map": 1678769370912,
  "ext/orderidColumn.fragment.xml": 1678726864148,
  "index.html": 1677727822045
}