{
  "icon/TruckSkyBlue.bmp": 1679502423254,
  "Component.js": 1677727822045,
  "ext/controller/approveCustomActions.js": 1679000687372,
  "ext/controller/NumberToUnformattedString.js": 1679000687372,
  "manifest.json": 1680021521225,
  "ext/controller/rejectCustomActions.js": 1679000687376,
  "ext/controller/rejectCustomActions-dbg.js": 1679000687376,
  "ext/controller/rejectCustomActions.js.map": 1680021521719,
  "ext/controller/approveCustomActions-dbg.js": 1679000687372,
  "ext/controller/approveCustomActions.js.map": 1680021521719,
  "ext/controller/NumberToUnformattedString-dbg.js": 1679000687372,
  "ext/controller/NumberToUnformattedString.js.map": 1680021521719,
  "Component-dbg.js": 1677727822045,
  "Component.js.map": 1680021521716,
  "Component-preload.js": 1680021522322,
  "Component-preload.js.map": 1680021522322,
  "ext/fragment/orderidColumn.fragment.xml": 1679000705408,
  "icon/TruckYellow.bmp": 1679502423254,
  "icon/TruckWithe.bmp": 1679502423254,
  "i18n/i18n.properties": 1678722999968,
  "icon/TruckRedEmpty.bmp": 1679502423254,
  "icon/TruckRed.bmp": 1679502423254,
  "icon/TruckOrange.bmp": 1679502423254,
  "icon/TruckGreenEmpty.bmp": 1679502423254,
  "icon/TruckGreen.bmp": 1679502423254,
  "icon/TruckGray.bmp": 1679502423254,
  "index.html": 1677727822045
}