{
  "Component-preload.js": 1678888065386,
  "manifest.json": 1678888064988,
  "ext/approveCustomActions.js": 1678726217254,
  "ext/NumberToUnformattedString.js": 1678726217246,
  "ext/rejectCustomActions.js": 1678726217258,
  "Component.js": 1677727822045,
  "ext/NumberToUnformattedString-dbg.js": 1678726217246,
  "ext/NumberToUnformattedString.js.map": 1678888065252,
  "ext/approveCustomActions-dbg.js": 1678726217254,
  "ext/approveCustomActions.js.map": 1678888065247,
  "ext/rejectCustomActions-dbg.js": 1678726217258,
  "ext/rejectCustomActions.js.map": 1678888065209,
  "Component-dbg.js": 1677727822045,
  "Component.js.map": 1678888065190,
  "i18n/i18n.properties": 1678722999968,
  "Component-preload.js.map": 1678888065386,
  "ext/orderidColumn.fragment.xml": 1678726864148,
  "index.html": 1677727822045
}