{
  "Component-preload.js.map": 1679058432375,
  "ext/controller/NumberToUnformattedString.js": 1679000687372,
  "ext/controller/approveCustomActions.js": 1679000687372,
  "ext/controller/rejectCustomActions.js": 1679000687376,
  "manifest.json": 1679058431877,
  "Component.js": 1677727822045,
  "Component-dbg.js": 1677727822045,
  "Component.js.map": 1679058432125,
  "ext/controller/approveCustomActions-dbg.js": 1679000687372,
  "ext/controller/approveCustomActions.js.map": 1679058432151,
  "ext/controller/rejectCustomActions-dbg.js": 1679000687376,
  "ext/controller/rejectCustomActions.js.map": 1679058432145,
  "ext/controller/NumberToUnformattedString-dbg.js": 1679000687372,
  "ext/controller/NumberToUnformattedString.js.map": 1679058432126,
  "Component-preload.js": 1679058432375,
  "i18n/i18n.properties": 1678722999968,
  "ext/fragment/orderidColumn.fragment.xml": 1679000705408,
  "index.html": 1677727822045
}