{
  "i18n/i18n.properties": 1678723201096,
  "Component.js": 1677727822037,
  "ext/controller/rejectCustomActions.js": 1678222961508,
  "ext/controller/approveCustomActions.js": 1678137675271,
  "ext/controller/NumberToUnformattedString.js": 1678131701682,
  "manifest.json": 1679058426276,
  "Component-preload.js": 1679058426644,
  "ext/controller/rejectCustomActions-dbg.js": 1678222961508,
  "ext/controller/approveCustomActions-dbg.js": 1678137675271,
  "ext/controller/NumberToUnformattedString-dbg.js": 1678131701682,
  "Component-dbg.js": 1677727822037,
  "ext/fragment/orderidColumn.fragment.xml": 1679000265282,
  "index.html": 1677727822037
}