{
  "i18n/i18n.properties": 1678136350739,
  "ext/rejectCustomActions.js": 1678222961508,
  "manifest.json": 1678224279835,
  "ext/approveCustomActions.js": 1678137675271,
  "ext/NumberToUnformattedString.js": 1678131701682,
  "Component.js": 1677727822037,
  "Component-preload.js": 1678224280165,
  "ext/approveCustomActions-dbg.js": 1678137675271,
  "ext/rejectCustomActions-dbg.js": 1678222961508,
  "ext/NumberToUnformattedString-dbg.js": 1678131701682,
  "Component-dbg.js": 1677727822037,
  "ext/orderidColumn.fragment.xml": 1678163573530,
  "index.html": 1677727822037
}