{
  "Component-preload.js": 1678224274638,
  "i18n/i18n.properties": 1677727822045,
  "manifest.json": 1678224274338,
  "Component.js": 1677727822045,
  "manifest-bundle.zip": 1678224274355,
  "i18n/i18n_es.properties": 1677727822045,
  "Component-dbg.js": 1677727822045,
  "resources/pdfss/ss3.pdf": 1677727822045,
  "resources/pdfss/ss2.pdf": 1677727822045,
  "resources/pdfss/ss1.pdf": 1677727822045,
  "resources/driver/photo3.jpg": 1677727822045,
  "resources/driver/photo2.jpg": 1677727822045,
  "resources/driver/photo1.jpg": 1677727822045,
  "resources/cc/cc3.pdf": 1677727822045,
  "resources/cc/cc2.pdf": 1677727822045,
  "resources/cc/cc1.pdf": 1677727822045,
  "resources/logoEsenttia.jpg": 1677727822045,
  "annotations/annotation.xml": 1677727822045,
  "index.html": 1677727822045
}