{
  "manifest.json": 1680021510311,
  "i18n/i18n_es.properties": 1678723272133,
  "ext/controller/approveCustomActions.js": 1679000561516,
  "ext/controller/rejectCustomActions.js": 1679000561516,
  "i18n/i18n.properties": 1678723231564,
  "ext/controller/NumberToUnformattedString.js": 1679000561512,
  "Component.js": 1677727822045,
  "manifest-bundle.zip": 1680021510332,
  "Component-preload.js": 1680021510660,
  "ext/controller/NumberToUnformattedString-dbg.js": 1679000561512,
  "ext/controller/approveCustomActions-dbg.js": 1679000561516,
  "ext/controller/rejectCustomActions-dbg.js": 1679000561516,
  "Component-dbg.js": 1677727822045,
  "resources/pdfss/ss3.pdf": 1677727822045,
  "resources/pdfss/ss2.pdf": 1677727822045,
  "resources/pdfss/ss1.pdf": 1677727822045,
  "resources/driver/photo3.jpg": 1677727822045,
  "resources/driver/photo2.jpg": 1677727822045,
  "resources/driver/photo1.jpg": 1677727822045,
  "resources/cc/cc3.pdf": 1677727822045,
  "resources/cc/cc2.pdf": 1677727822045,
  "resources/cc/cc1.pdf": 1677727822045,
  "ext/fragment/orderidColumn.fragment.xml": 1679000593264,
  "resources/logoEsenttia.jpg": 1677727822045,
  "annotations/annotation.xml": 1677727822045,
  "index.html": 1677727822045
}