{
  "manifest.json": 1678769360539,
  "i18n/i18n_es.properties": 1678723272133,
  "ext/NumberToUnformattedString.js": 1678251782488,
  "i18n/i18n.properties": 1678723231564,
  "Component.js": 1677727822045,
  "manifest-bundle.zip": 1678769360559,
  "Component-preload.js": 1678769360904,
  "Component-dbg.js": 1677727822045,
  "ext/NumberToUnformattedString-dbg.js": 1678251782488,
  "resources/pdfss/ss3.pdf": 1677727822045,
  "resources/pdfss/ss2.pdf": 1677727822045,
  "resources/pdfss/ss1.pdf": 1677727822045,
  "resources/driver/photo3.jpg": 1677727822045,
  "resources/driver/photo2.jpg": 1677727822045,
  "resources/driver/photo1.jpg": 1677727822045,
  "resources/cc/cc3.pdf": 1677727822045,
  "resources/cc/cc2.pdf": 1677727822045,
  "resources/cc/cc1.pdf": 1677727822045,
  "resources/logoEsenttia.jpg": 1677727822045,
  "ext/orderidColumn.fragment.xml": 1678251946013,
  "annotations/annotation.xml": 1677727822045,
  "index.html": 1677727822045
}