{
  "model/formatter.js": 1676950449760,
  "controller/ErrorHandler.js": 1676950449752,
  "utils/locate-reuse-libs.js": 1676950449748,
  "model/models.js": 1676950449748,
  "i18n/i18n.properties": 1677023005840,
  "controller/Worklist.controller.js": 1677023744495,
  "controller/Object.controller.js": 1677030182513,
  "controller/NotFound.controller.js": 1676950449756,
  "manifest.json": 1677628392617,
  "controller/DetailEdit.controller.js": 1677027565441,
  "controller/DetailCreate.controller.js": 1677037441338,
  "controller/BaseController.js": 1676950449752,
  "controller/App.controller.js": 1676950449752,
  "Component.js": 1676950449740,
  "Component-preload.js": 1677628393092,
  "Component-dbg.js": 1676950449740,
  "model/models-dbg.js": 1676950449748,
  "model/formatter-dbg.js": 1676950449760,
  "controller/Worklist-dbg.controller.js": 1677023744495,
  "controller/Object-dbg.controller.js": 1677030182513,
  "controller/NotFound-dbg.controller.js": 1676950449756,
  "controller/ErrorHandler-dbg.js": 1676950449752,
  "controller/DetailEdit-dbg.controller.js": 1677027565441,
  "controller/DetailCreate-dbg.controller.js": 1677037441338,
  "controller/BaseController-dbg.js": 1676950449752,
  "controller/App-dbg.controller.js": 1676950449752,
  "utils/locate-reuse-libs-dbg.js": 1676950449748,
  "view/Worklist.view.xml": 1677022968000,
  "view/ObjectNotFound.view.xml": 1676950449768,
  "view/Object.view.xml": 1677022888264,
  "view/NotFound.view.xml": 1676950449764,
  "view/DetailEdit.view.xml": 1677027449726,
  "view/DetailCreate.view.xml": 1677036685158,
  "view/App.view.xml": 1676995832634,
  "fragment/popup.fragment.xml": 1677011749405,
  "index.html": 1677002304408
}