{
  "i18n/i18n.properties": 1677056194358,
  "i18n/i18n_es.properties": 1677056210226,
  "Component.js": 1663081865000,
  "manifest.json": 1677164716243,
  "manifest-bundle.zip": 1677164716266,
  "Component-preload.js": 1677164716608,
  "Component-dbg.js": 1663081865000,
  "resources/pdfss/ss3.pdf": 1663096537000,
  "resources/pdfss/ss2.pdf": 1663096537000,
  "resources/pdfss/ss1.pdf": 1663096537000,
  "resources/driver/photo3.jpg": 1663049185000,
  "resources/driver/photo2.jpg": 1663049185000,
  "resources/driver/photo1.jpg": 1663049185000,
  "resources/cc/cc3.pdf": 1663096431000,
  "resources/cc/cc2.pdf": 1663096431000,
  "resources/cc/cc1.pdf": 1663096431000,
  "resources/logoEsenttia.jpg": 1662942499000,
  "annotations/annotation.xml": 1663081865000,
  "index.html": 1663081865000
}